{"cameraMode":{"drawMode":0,"name":"Shaded","section":"Shading Mode"},"sceneLighting":false,"audioPlay":false,"sceneViewState":{"m_AlwaysRefresh":false,"showFog":false,"showSkybox":false,"showFlares":false,"showImageEffects":false,"showParticleSystems":false,"showVisualEffectGraphs":true,"m_FxEnabled":true},"in2DMode":false,"pivot":{"x":-5.364418029785156e-7,"y":0.8799659013748169,"z":-0.03172171115875244},"rotation":{"x":0.0010175980860367418,"y":-0.9773925542831421,"z":0.0046887691132724289,"w":0.21140246093273164},"size":2.2609241008758547,"orthographic":false}